{
  "project_info": {
    "project_number": "447294635943",
    "firebase_url": "https://project-1f6b4.firebaseio.com",
    "project_id": "project-1f6b4",
    "storage_bucket": "project-1f6b4.appspot.com"
  },
  "client": [
    {
      "client_info": {
        "mobilesdk_app_id": "1:447294635943:android:05ba6b224ea472d20cc082",
        "android_client_info": {
          "package_name": "com.example.project"
        }
      },
      "oauth_client": [
        {
          "client_id": "447294635943-ngtn85j104g01v9nsj7ts0qvg5pvorap.apps.googleusercontent.com",
          "client_type": 1,
          "android_info": {
            "package_name": "com.example.project",
            "certificate_hash": "8a20825a51806865fbb1413a0ee8c1e199e8c33e"
          }
        },
        {
          "client_id": "447294635943-340glu473chme2emqds4j96iipu15qds.apps.googleusercontent.com",
          "client_type": 1,
          "android_info": {
            "package_name": "com.example.project",
            "certificate_hash": "121075baea3db79c76ec037427d60d4b5616bd8d"
          }
        },
        {
          "client_id": "447294635943-4kpfl7s1979v2n04es8drbqvrf4v4cb6.apps.googleusercontent.com",
          "client_type": 1,
          "android_info": {
            "package_name": "com.example.project",
            "certificate_hash": "67025f66564694f2f22977d74be0acdc87ed4a1a"
          }
        },
        {
          "client_id": "447294635943-rhs82l7uqbjb71fec8i1kjn387ml2gbu.apps.googleusercontent.com",
          "client_type": 1,
          "android_info": {
            "package_name": "com.example.project",
            "certificate_hash": "b06a9ce83068000e21a800babf46caa2c6b39e59"
          }
        },
        {
          "client_id": "447294635943-n75g65n0p90bjoe5ejfc01b2f9ea5nml.apps.googleusercontent.com",
          "client_type": 3
        }
      ],
      "api_key": [
        {
          "current_key": "AIzaSyA3sTuSz1vBfuUQsAVnAXkcjVC0jEOGQ1o"
        }
      ],
      "services": {
        "appinvite_service": {
          "other_platform_oauth_client": [
            {
              "client_id": "447294635943-n75g65n0p90bjoe5ejfc01b2f9ea5nml.apps.googleusercontent.com",
              "client_type": 3
            }
          ]
        }
      }
    }
  ],
  "configuration_version": "1"
}